project;merge commit;class;original method;SdgCreated; Precision; Exceptions; SdgCreated; CgNodes; CgEdges; SdgNodes; SdgEdges; Time (ms); Memory (M); HasSourcedAndSink; HasLeftToRightVio; HasRightToLeftVio; TotalVios; InstVios; LineVios; DetailedLineVios; Left; Right
druid;05168808c278c080c59c19e858d9471b316cd1f5;S3SegmentPusher;DataSegment com.metamx.druid.loading.S3SegmentPusher.push(File, DataSegment);not found;;;;;;;;;;;;;;;;;;
netty;193acdb36cd3da9bfc62dd69c4208dff3f0a2b1b;LengthFieldBasedFrameDecoder;Object org.jboss.netty.handler.codec.frame.LengthFieldBasedFrameDecoder.decode(ChannelHandlerContext, Channel, ChannelBuffer);; N1_OBJECT_SENSITIVE; No; Yes;8396;24745;2014299;192809287;14840929;113050; No; -; -; -; -; -; -; [358, 360]; [322, 374]
OpenTripPlanner;4c506dce43775704919d084f0acfba86d251bf4a;MultiShortestPathTree;boolean org.opentripplanner.routing.spt.MultiShortestPathTree.dominates(State, State);; N1_OBJECT_SENSITIVE; No; Yes;24;27;1287;10676;79359;78643; Yes; No; Yes;190;165;7; [boolean org.opentripplanner.routing.spt.MultiShortestPathTree.dominates(org.opentripplanner.routing.core.State, org.opentripplanner.routing.core.State) (line 123) -> boolean org.opentripplanner.routing.spt.MultiShortestPathTree.dominates(org.opentripplanner.routing.core.State, org.opentripplanner.routing.core.State) (line 141), boolean org.opentripplanner.routing.spt.MultiShortestPathTree.dominates(org.opentripplanner.routing.core.State, org.opentripplanner.routing.core.State) (line 123) -> boolean org.opentripplanner.routing.spt.MultiShortestPathTree.dominates(org.opentripplanner.routing.core.State, org.opentripplanner.routing.core.State) (line 144), boolean org.opentripplanner.routing.spt.MultiShortestPathTree.dominates(org.opentripplanner.routing.core.State, org.opentripplanner.routing.core.State) (line 123) -> boolean org.opentripplanner.routing.spt.MultiShortestPathTree.dominates(org.opentripplanner.routing.core.State, org.opentripplanner.routing.core.State) (line 146), boolean org.opentripplanner.routing.spt.MultiShortestPathTree.dominates(org.opentripplanner.routing.core.State, org.opentripplanner.routing.core.State) (line 123) -> boolean org.opentripplanner.routing.spt.MultiShortestPathTree.dominates(org.opentripplanner.routing.core.State, org.opentripplanner.routing.core.State) (line 147), boolean org.opentripplanner.routing.spt.MultiShortestPathTree.dominates(org.opentripplanner.routing.core.State, org.opentripplanner.routing.core.State) (line 123) -> boolean org.opentripplanner.routing.spt.MultiShortestPathTree.dominates(org.opentripplanner.routing.core.State, org.opentripplanner.routing.core.State) (line 148), boolean org.opentripplanner.routing.spt.MultiShortestPathTree.dominates(org.opentripplanner.routing.core.State, org.opentripplanner.routing.core.State) (line 123) -> boolean org.opentripplanner.routing.spt.MultiShortestPathTree.dominates(org.opentripplanner.routing.core.State, org.opentripplanner.routing.core.State) (line 149), boolean org.opentripplanner.routing.spt.MultiShortestPathTree.dominates(org.opentripplanner.routing.core.State, org.opentripplanner.routing.core.State) (line 123) -> boolean org.opentripplanner.routing.spt.MultiShortestPathTree.dominates(org.opentripplanner.routing.core.State, org.opentripplanner.routing.core.State) (line 152)]; [144, 146, 147, 148, 149, 152, 141]; [123]
webbit;74d2d2b87704d003acacb34e4ca8fb5f897b938f;WebSocketClient; void org.webbitserver.netty.WebSocketClient.adjustPipelineToWebSocket(ChannelHandlerContext, MessageEvent, ChannelHandler, ChannelHandler);; N1_OBJECT_SENSITIVE; No; No; -; -; -; -; -; -; -; -; -; -; -; -; -; [260]; [262]
resty-gwt;867b917c43c32acbdcac55767e7f04334006c866;DirectRestServiceInterfaceClassCreator;String org.fusesource.restygwt.rebind.DirectRestServiceInterfaceClassCreator.getMethodCallback(JMethod);; N1_OBJECT_SENSITIVE; No; No; -; -; -; -; -; -; -; -; -; -; -; -; -; [83, 84, 85]; [86, 87, 88, 89, 90, 91]
storm;ad2be678831b3b060229fd936e3908110162b7ac;KafkaSpout;void org.apache.storm.kafka.spout.KafkaSpout.open(Map, TopologyContext, SpoutOutputCollector);; N1_OBJECT_SENSITIVE; No; Yes;7678;22820;2539901;231914848;27731963;190112; No; -; -; -; -; -; -; []; [515, 516, 521, 522]
storm;ad2be678831b3b060229fd936e3908110162b7ac;KafkaSpoutConfig;void org.apache.storm.kafka.spout.KafkaSpoutConfig.KafkaSpoutConfig(Builder<K,V>);; N1_OBJECT_SENSITIVE; No; Yes;7678;22820;2539901;231914848;27731963;190112; No; -; -; -; -; -; -; []; [515, 516, 521, 522]
storm;ad2be678831b3b060229fd936e3908110162b7ac;KafkaSpoutConfig; String org.apache.storm.kafka.spout.KafkaSpoutConfig.toString();; N1_OBJECT_SENSITIVE; No; Yes;7678;22820;2539901;231914848;27731963;190112; No; -; -; -; -; -; -; []; [515, 516, 521, 522]
storm;bd1f5c54752f67b484a83c26667331234234d3a3;KafkaSpout;boolean org.apache.storm.kafka.spout.KafkaSpout.emitTupleIfNotEmitted(ConsumerRecord<K,V>);; N1_OBJECT_SENSITIVE; No; No; -; -; -; -; -; -; -; -; -; -; -; -; -; [305, 306, 307, 312]; [316, 319]
jsoup;a8b6982de98ff76ef254031d7152fff57f6bf941;HttpConnection; Response org.jsoup.helper.HttpConnection.execute(Connection.Request, Response);; N1_OBJECT_SENSITIVE; No; No; -; -; -; -; -; -; -; -; -; -; -; -; -; [584, 585, 586]; [544, 547]
jsoup;fee4762322f85a1109edd75ccb67f38cf5008c80;HttpConnection; HttpURLConnection org.jsoup.helper.HttpConnection.createConnection(Connection.Request);; N1_OBJECT_SENSITIVE; No; No; -; -; -; -; -; -; -; -; -; -; -; -; -; [609, 610, 611, 612, 613, 614]; [617]
jsoup;3f7d2c71dbbbb289c684f339874eed8ac2747fa0;HttpConnection; Response org.jsoup.helper.HttpConnection.execute(Connection.Request, Response);; N1_OBJECT_SENSITIVE; No; No; -; -; -; -; -; -; -; -; -; -; -; -; -; [456]; [483, 484, 485]
jsoup;a44e18aa3c1fcd25a68a5965f9490d8f7d026509;TextNode; void org.jsoup.nodes.TextNode.outerHtmlHead(StringBuilder, int, Document.OutputSettings);; N1_OBJECT_SENSITIVE; No; Yes;458;668;25104;300864;93328;78643; Yes; No; No;0;0;0; []; [94]; [98]
retrofit;2b6c719c6645f8e48dca6d0047c752069d321bc4;RestAdapter; Response retrofit.RestAdapter.logAndReplaceResponse(String, Response, long);; N1_OBJECT_SENSITIVE; No; Yes;85;98;3933;57261;98003;83886; No; -; -; -; -; -; -; [398]; [369]
retrofit;2b6c719c6645f8e48dca6d0047c752069d321bc4;RestAdapter; Request retrofit.RestAdapter.logAndReplaceRequest(Request);; N1_OBJECT_SENSITIVE; No; Yes;85;98;3933;57261;98003;83886; No; -; -; -; -; -; -; [398]; [369]
retrofit;71f622ce51031b152a0be6ad5facfb27a654bf5a;RequestBuilder; Request retrofit.RequestBuilder.build();; N1_OBJECT_SENSITIVE; No; Yes;28;32;1009;6619;89479;83886; No; -; -; -; -; -; -; [88]; [96, 97, 100, 95]
activiti;50d8e43eb5917c63abfbcdec1e68e510943f325a;DeploymentEntityManager; void org.activiti.engine.impl.persistence.entity.DeploymentEntityManager.deleteDeployment(String, boolean);; N1_OBJECT_SENSITIVE; No; Yes;11126;65589;1991588;132682211;11735528;103189; Yes; Yes; Yes;422;422;5; [void org.activiti.engine.impl.persistence.entity.DeploymentEntityManager.deleteDeployment(java.lang.String, boolean) (line 107) -> void org.activiti.engine.impl.persistence.entity.DeploymentEntityManager.deleteDeployment(java.lang.String, boolean) (line 114), void org.activiti.engine.impl.persistence.entity.DeploymentEntityManager.deleteDeployment(java.lang.String, boolean) (line 107) -> void org.activiti.engine.impl.persistence.entity.DeploymentEntityManager.deleteDeployment(java.lang.String, boolean) (line 115), void org.activiti.engine.impl.persistence.entity.DeploymentEntityManager.deleteDeployment(java.lang.String, boolean) (line 107) -> void org.activiti.engine.impl.persistence.entity.DeploymentEntityManager.deleteDeployment(java.lang.String, boolean) (line 116), void org.activiti.engine.impl.persistence.entity.DeploymentEntityManager.deleteDeployment(java.lang.String, boolean) (line 114) -> void org.activiti.engine.impl.persistence.entity.DeploymentEntityManager.deleteDeployment(java.lang.String, boolean) (line 107), void org.activiti.engine.impl.persistence.entity.DeploymentEntityManager.deleteDeployment(java.lang.String, boolean) (line 115) -> void org.activiti.engine.impl.persistence.entity.DeploymentEntityManager.deleteDeployment(java.lang.String, boolean) (line 107)]; [107]; [114, 115, 116, 117]
activiti;bf46684ba62f5883673ea8fb0a14aecfe0aedea2;UserTaskActivityBehavior; void org.activiti.engine.impl.bpmn.behavior.UserTaskActivityBehavior.execute(ActivityExecution);; N1_OBJECT_SENSITIVE; No; Yes;3687;11270;1330028;97309729;16357635;99730; Yes; Yes; No;228;192;12; [void org.activiti.engine.impl.bpmn.behavior.UserTaskActivityBehavior.execute(org.activiti.engine.impl.pvm.delegate.ActivityExecution) (line 110) -> void org.activiti.engine.impl.bpmn.behavior.UserTaskActivityBehavior.execute(org.activiti.engine.impl.pvm.delegate.ActivityExecution) (line 125), void org.activiti.engine.impl.bpmn.behavior.UserTaskActivityBehavior.execute(org.activiti.engine.impl.pvm.delegate.ActivityExecution) (line 110) -> void org.activiti.engine.impl.bpmn.behavior.UserTaskActivityBehavior.execute(org.activiti.engine.impl.pvm.delegate.ActivityExecution) (line 126), void org.activiti.engine.impl.bpmn.behavior.UserTaskActivityBehavior.execute(org.activiti.engine.impl.pvm.delegate.ActivityExecution) (line 110) -> void org.activiti.engine.impl.bpmn.behavior.UserTaskActivityBehavior.execute(org.activiti.engine.impl.pvm.delegate.ActivityExecution) (line 127), void org.activiti.engine.impl.bpmn.behavior.UserTaskActivityBehavior.execute(org.activiti.engine.impl.pvm.delegate.ActivityExecution) (line 111) -> void org.activiti.engine.impl.bpmn.behavior.UserTaskActivityBehavior.execute(org.activiti.engine.impl.pvm.delegate.ActivityExecution) (line 125), void org.activiti.engine.impl.bpmn.behavior.UserTaskActivityBehavior.execute(org.activiti.engine.impl.pvm.delegate.ActivityExecution) (line 111) -> void org.activiti.engine.impl.bpmn.behavior.UserTaskActivityBehavior.execute(org.activiti.engine.impl.pvm.delegate.ActivityExecution) (line 126), void org.activiti.engine.impl.bpmn.behavior.UserTaskActivityBehavior.execute(org.activiti.engine.impl.pvm.delegate.ActivityExecution) (line 111) -> void org.activiti.engine.impl.bpmn.behavior.UserTaskActivityBehavior.execute(org.activiti.engine.impl.pvm.delegate.ActivityExecution) (line 127), void org.activiti.engine.impl.bpmn.behavior.UserTaskActivityBehavior.execute(org.activiti.engine.impl.pvm.delegate.ActivityExecution) (line 112) -> void org.activiti.engine.impl.bpmn.behavior.UserTaskActivityBehavior.execute(org.activiti.engine.impl.pvm.delegate.ActivityExecution) (line 125), void org.activiti.engine.impl.bpmn.behavior.UserTaskActivityBehavior.execute(org.activiti.engine.impl.pvm.delegate.ActivityExecution) (line 112) -> void org.activiti.engine.impl.bpmn.behavior.UserTaskActivityBehavior.execute(org.activiti.engine.impl.pvm.delegate.ActivityExecution) (line 126), void org.activiti.engine.impl.bpmn.behavior.UserTaskActivityBehavior.execute(org.activiti.engine.impl.pvm.delegate.ActivityExecution) (line 112) -> void org.activiti.engine.impl.bpmn.behavior.UserTaskActivityBehavior.execute(org.activiti.engine.impl.pvm.delegate.ActivityExecution) (line 127), void org.activiti.engine.impl.bpmn.behavior.UserTaskActivityBehavior.execute(org.activiti.engine.impl.pvm.delegate.ActivityExecution) (line 114) -> void org.activiti.engine.impl.bpmn.behavior.UserTaskActivityBehavior.execute(org.activiti.engine.impl.pvm.delegate.ActivityExecution) (line 125), void org.activiti.engine.impl.bpmn.behavior.UserTaskActivityBehavior.execute(org.activiti.engine.impl.pvm.delegate.ActivityExecution) (line 114) -> void org.activiti.engine.impl.bpmn.behavior.UserTaskActivityBehavior.execute(org.activiti.engine.impl.pvm.delegate.ActivityExecution) (line 126), void org.activiti.engine.impl.bpmn.behavior.UserTaskActivityBehavior.execute(org.activiti.engine.impl.pvm.delegate.ActivityExecution) (line 114) -> void org.activiti.engine.impl.bpmn.behavior.UserTaskActivityBehavior.execute(org.activiti.engine.impl.pvm.delegate.ActivityExecution) (line 127)]; [112, 113, 114, 115, 116, 117, 110, 111]; [118, 125, 126, 127]
okhttp;1151c9853ccc3c9c3211c613b9b845b925f8c6a6;GzipSource; void com.squareup.okhttp.internal.bytes.GzipSource.consumeHeader(Deadline);; N1_OBJECT_SENSITIVE; No; Yes;1537;2264;96048;2169915;164587;115343; Yes; Yes; No;21;21;1; [void com.squareup.okhttp.internal.bytes.GzipSource.consumeHeader(com.squareup.okhttp.internal.bytes.Deadline) (line 112) -> void com.squareup.okhttp.internal.bytes.GzipSource.consumeHeader(com.squareup.okhttp.internal.bytes.Deadline) (line 138)]; [112]; [138]
okhttp;35166168529bd27281685e56a0a122eff44460e9;OkHttpClient; OkHttpClient realistic.copyWithDefaults.source.com.squareup.okhttp.OkHttpClient.copyWithDefaults();; N1_OBJECT_SENSITIVE; No; No; -; -; -; -; -; -; -; -; -; -; -; -; -; [277, 293]; [287]
HikariCP;1bca94af9ec625f21d1b58ff10efb5be71ab87a6;HikariConfig; void com.zaxxer.hikari.HikariConfig.validate();; N1_OBJECT_SENSITIVE; No; Yes;1613;4013;235416;23747571;3200744;26565; No; -; -; -; -; -; -; [356, 372, 374, 365]; [339, 340, 341, 342, 343, 344, 345, 362, 346, 348]
HikariCP;1bca94af9ec625f21d1b58ff10efb5be71ab87a6;HikariPool; void com.zaxxer.hikari.HikariPool.addConnection();; N1_OBJECT_SENSITIVE; No; Yes;1613;4013;235416;23747571;3200744;26565; No; -; -; -; -; -; -; [356, 372, 374, 365]; [339, 340, 341, 342, 343, 344, 345, 362, 346, 348]
pushy;58901c846e4f0874977c5aabbc34bcb4de3670e0;PushManager; void com.relayrides.pushy.apns.PushManager.handleConnectionFailure(ApnsConnection<T>, Throwable);; N1_OBJECT_SENSITIVE; No; No; -; -; -; -; -; -; -; -; -; -; -; -; -; [520, 510]; [515, 500, 502, 503]
pushy;58901c846e4f0874977c5aabbc34bcb4de3670e0;PushManager; void com.relayrides.pushy.apns.PushManager.handleConnectionClosure(ApnsConnection<T>);; N1_OBJECT_SENSITIVE; No; No; -; -; -; -; -; -; -; -; -; -; -; -; -; [520, 510]; [515, 500, 502, 503]
java-faker;ca42fcfaf45cae1754c58e02e1d5d2a58ec03561;Faker;void com.github.javafaker.Faker.Faker(Locale, Random);not found;;;;;;;;;;;;;;;;;;
swagger-core;e7fea7c4889dbdd6a4e0b2d059c8aa0f126ab1c2;OperationParser; Optional io.swagger.jaxrs2.OperationParser.getSchemaFromAnnotation(io.swagger.oas.annotations.media.Schema);not found;;;;;;;;;;;;;;;;;;
cucumber-jvm;4505c156b6267c1b760deec570ddbfe047b42aa9;JavaLanguage; void cuke4duke.internal.java.JavaLanguage.load(String);not found;;;;;;;;;;;;;;;;;;
dropwizard;ddd15a681bf42360337844412cae4aba1556eb88;Bootstrap; void io.dropwizard.setup.Bootstrap.Bootstrap(Application<T>);not found;;;;;;;;;;;;;;;;;;
jenkins;48b2b951dfb3438999ceda330093cac82b857ce6;DefaultJnlpSlaveReceiver; boolean jenkins.slaves.DefaultJnlpSlaveReceiver.handle(String, JnlpSlaveHandshake);not found;;;;;;;;;;;;;;;;;;
logback;542843fd04a793fb9e0eea0c84d199e66d7c15af;TimeBasedFileNamingAndTriggeringPolicyBase; void ch.qos.logback.core.rolling.TimeBasedFileNamingAndTriggeringPolicyBase.start();not found;;;;;;;;;;;;;;;;;;
orientdb;a5ce3bcc0a1d196745c575ad6602019f7a6b86f8;Orient; Orient com.orientechnologies.orient.core.Orient.startup();not found;;;;;;;;;;;;;;;;;;
SimianArmy;345ad9513aafff397050d613fa87ad06ddffe99d;BasicJanitorMonkeyContext; InstanceJanitor com.netflix.simianarmy.basic.janitor.BasicJanitorMonkeyContext.getInstanceJanitor();not found;;;;;;;;;;;;;;;;;;
SimianArmy;c39c19bc6b9231601f6bc7358e638a99adf37e0d;BasicSimianArmyContext; void com.netflix.simianarmy.basic.BasicSimianArmyContext.BasicSimianArmyContext(String);not found;;;;;;;;;;;;;;;;;;
alluxio;dafe76c90024a915224264b4862b33f40cb8478c;HdfsFileInputStream; void tachyon.hadoop.HdfsFileInputStream.HdfsFileInputStream(TachyonFS, int, Path, Configuration, int);not found;;;;;;;;;;;;;;;;;;
voldemort;b30fdfebe30c9b6e37b9fbc3fec0ff74cd19f997;VoldemortClientShell; void voldemort.VoldemortClientShell.VoldemortClientShell(ClientConfig, String, BufferedReader, PrintStream, PrintStream);not found;;;;;;;;;;;;;;;;;;
voldemort;4cc1c145819030c8e2baffe4c92383de14b8d880;VoldemortConfig; void voldemort.server.VoldemortConfig.VoldemortConfig(Props);not found;;;;;;;;;;;;;;;;;;
libgdx;da27e2dae56be0a159e82231e5c3a5b83b099063;Lwjgl3Application; Lwjgl3Window com.badlogic.gdx.backends.lwjgl3.Lwjgl3Application.newWindow(ApplicationListener, Lwjgl3WindowConfiguration);not found;;;;;;;;;;;;;;;;;;
libgdx;da27e2dae56be0a159e82231e5c3a5b83b099063;Lwjgl3ApplicationConfiguration; Lwjgl3ApplicationConfiguration com.badlogic.gdx.backends.lwjgl3.Lwjgl3ApplicationConfiguration.copy(Lwjgl3ApplicationConfiguration);not found;;;;;;;;;;;;;;;;;;
RxJava;a40a4130edcdadc2340da5787ca30353018173f2;OperatorMulticast; void rx.internal.operators.OperatorMulticast.connect(Action1<?superSubscription>);not found;;;;;;;;;;;;;;;;;;
RxJava;1c47b0cb26e6d971eefa42ebb3479099236b0125;TestScheduler; void rx.concurrency.TestScheduler.triggerActions(long);not found;;;;;;;;;;;;;;;;;;
elasticsearch-river-mongodb;3d4f99516ba3177f7d88a1f600923138a8b77cc8;MongoDBRiverDefinition; MongoDBRiverDefinition org.elasticsearch.river.mongodb.MongoDBRiverDefinition.parseSettings(String, String, RiverSettings, ScriptService);not found;;;;;;;;;;;;;;;;;;
elasticsearch-river-mongodb;3d4f99516ba3177f7d88a1f600923138a8b77cc8;Slurper; boolean org.elasticsearch.river.mongodb.Slurper.assignCollections();not found;;;;;;;;;;;;;;;;;;
elasticsearch-river-mongodb;6b6ce8e851c6613213c4508c3f277a80649e0c7b;MongoDBRiverDefinition; MongoDBRiverDefinition org.elasticsearch.river.mongodb.MongoDBRiverDefinition.parseSettings(String, String, RiverSettings, ScriptService);not found;;;;;;;;;;;;;;;;;;
elasticsearch-river-mongodb;6b6ce8e851c6613213c4508c3f277a80649e0c7b;Indexer; Timestamp org.elasticsearch.river.mongodb.Indexer.applyAdvancedTransformation(QueueEntry, String);not found;;;;;;;;;;;;;;;;;;
elasticsearch-river-mongodb;6b6ce8e851c6613213c4508c3f277a80649e0c7b;Indexer; Timestamp org.elasticsearch.river.mongodb.Indexer.processBlockingQueue(QueueEntry);not found;;;;;;;;;;;;;;;;;;
elasticsearch-river-mongodb;6b6ce8e851c6613213c4508c3f277a80649e0c7b;Slurper; void org.elasticsearch.river.mongodb.Slurper.run();not found;;;;;;;;;;;;;;;;;;
elasticsearch-river-mongodb;6b6ce8e851c6613213c4508c3f277a80649e0c7b;Slurper; void org.elasticsearch.river.mongodb.Slurper.addToStream(Operation, Timestamp<?>, DBObject, String);not found;;;;;;;;;;;;;;;;;;
hector;0588608e7a2bdf974c985ff546207104f672bf6c;HSaslThriftClient; HSaslThriftClient me.prettyprint.cassandra.connection.client.HSaslThriftClient.open();not found;;;;;;;;;;;;;;;;;;
hector;a33a46506656a39d1b0f7780973905665d3b6145;HKerberosThriftClient; HKerberosThriftClient me.prettyprint.cassandra.connection.client.HKerberosThriftClient.open();not found;;;;;;;;;;;;;;;;;;
hector;a33a46506656a39d1b0f7780973905665d3b6145;HThriftClient; HThriftClient me.prettyprint.cassandra.connection.client.HThriftClient.open();not found;;;;;;;;;;;;;;;;;;
hector;213f7887ea70eabdf0705cf8454de29af89e8c38;HConnectionManager; void me.prettyprint.cassandra.connection.HConnectionManager.operateWithFailover(Operation<?>);not found;;;;;;;;;;;;;;;;;;
titan;387c16ea05ef9fa312f37139228d2bbf61455ff4;SerializerInitialization; void com.thinkaurelius.titan.graphdb.database.serialize.SerializerInitialization.initialize(Serializer);not found;;;;;;;;;;;;;;;;;;
titan;04edd7f0e7eab2e8255a497922e34dc707d84c19;StandardTitanTx; void com.thinkaurelius.titan.graphdb.transaction.StandardTitanTx.StandardTitanTx(StandardTitanGraph, TransactionConfiguration, BackendTransaction);not found;;;;;;;;;;;;;;;;;;
MPAndroidChart;af114d180da6ec5633d32c701ff5467f7629fcf3;SimpleFragment; ScatterData com.xxmassdeveloper.mpchartexample.fragments.SimpleFragment.generateScatterData(int, float, int);not found;;;;;;;;;;;;;;;;;;
MPAndroidChart;af114d180da6ec5633d32c701ff5467f7629fcf3;ScatterChartActivity; void com.xxmassdeveloper.mpchartexample.ScatterChartActivity.onProgressChanged(SeekBar, int, boolean);not found;;;;;;;;;;;;;;;;;;
MPAndroidChart;af114d180da6ec5633d32c701ff5467f7629fcf3;ScatterChartActivity; void com.xxmassdeveloper.mpchartexample.ScatterChartActivity.onCreate(Bundle);not found;;;;;;;;;;;;;;;;;;
MPAndroidChart;9297923f09460d0484cd713b0abbeaea9b888ec0;LineChartActivity2; void com.xxmassdeveloper.mpchartexample.LineChartActivity2.onCreate(Bundle);not found;;;;;;;;;;;;;;;;;;
MPAndroidChart;9297923f09460d0484cd713b0abbeaea9b888ec0;RadarChartActivitry; void com.xxmassdeveloper.mpchartexample.RadarChartActivitry.onCreate(Bundle);not found;;;;;;;;;;;;;;;;;;
MPAndroidChart;9297923f09460d0484cd713b0abbeaea9b888ec0;StackedBarActivityNegative; void com.xxmassdeveloper.mpchartexample.StackedBarActivityNegative.onCreate(Bundle);not found;;;;;;;;;;;;;;;;;;
MPAndroidChart;9297923f09460d0484cd713b0abbeaea9b888ec0;LineChartActivity1;void com.xxmassdeveloper.mpchartexample.LineChartActivity1.onCreate(Bundle);not found;;;;;;;;;;;;;;;;;;
MPAndroidChart;9531ba69895cd64fce48038ffd8df2543eeea1d2;LineChartRenderer; void com.github.mikephil.charting.renderer.LineChartRenderer.drawData(Canvas);not found;;;;;;;;;;;;;;;;;;
MPAndroidChart;9531ba69895cd64fce48038ffd8df2543eeea1d2;PieChartRenderer; void com.github.mikephil.charting.renderer.PieChartRenderer.drawData(Canvas);not found;;;;;;;;;;;;;;;;;;
elasticsearch;d896886973660785aac45275ddb110c1a6babc57;TransportIndexAction; WriteResult org.elasticsearch.action.index.TransportIndexAction.executeIndexRequestOnPrimary(IndexRequest, IndexShard, MappingUpdatedAction);not found;;;;;;;;;;;;;;;;;;
elasticsearch;d896886973660785aac45275ddb110c1a6babc57;ReplicationOperationTests; void org.elasticsearch.action.support.replication.ReplicationOperationTests.testReplication();not found;;;;;;;;;;;;;;;;;;
elasticsearch;d896886973660785aac45275ddb110c1a6babc57;IndexSettings; void org.elasticsearch.index.IndexSettings.IndexSettings(IndexMetaData, Settings, Predicate<String>, IndexScopedSettings);not found;;;;;;;;;;;;;;;;;;
elasticsearch;d896886973660785aac45275ddb110c1a6babc57;TransportShardBulkAction; Tuple org.elasticsearch.action.bulk.TransportShardBulkAction.update(IndexMetaData, BulkShardRequest, IndexShard, long[], VersionType[], Translog.Location, int, BulkItemRequest);not found;;;;;;;;;;;;;;;;;;
elasticsearch;d896886973660785aac45275ddb110c1a6babc57;TransportReplicationAction; void org.elasticsearch.action.support.replication.TransportReplicationAction.doRun();not found;;;;;;;;;;;;;;;;;;
elasticsearch;d896886973660785aac45275ddb110c1a6babc57;ReplicationOperation; Exception org.elasticsearch.action.support.replication.ReplicationOperation.execute();not found;;;;;;;;;;;;;;;;;;
elasticsearch;d896886973660785aac45275ddb110c1a6babc57;InternalEngineTests; void org.elasticsearch.index.engine.InternalEngineTests.testRecoverFromForeignTranslog();not found;;;;;;;;;;;;;;;;;;
elasticsearch;d896886973660785aac45275ddb110c1a6babc57;InternalEngine; void org.elasticsearch.index.engine.InternalEngine.InternalEngine(EngineConfig);not found;;;;;;;;;;;;;;;;;;
elasticsearch;d896886973660785aac45275ddb110c1a6babc57;DocWriteResponse; void org.elasticsearch.action.DocWriteResponse.writeTo(StreamOutput);not found;;;;;;;;;;;;;;;;;;
elasticsearch;d896886973660785aac45275ddb110c1a6babc57;DocWriteResponse; void org.elasticsearch.action.DocWriteResponse.readFrom(StreamInput);not found;;;;;;;;;;;;;;;;;;
elasticsearch;d896886973660785aac45275ddb110c1a6babc57;DocWriteResponse; XContentBuilder org.elasticsearch.action.DocWriteResponse.toXContent(XContentBuilder, Params);not found;;;;;;;;;;;;;;;;;;
elasticsearch;d896886973660785aac45275ddb110c1a6babc57;MetaDataCreateIndexService; void org.elasticsearch.cluster.metadata.MetaDataCreateIndexService.createIndex(CreateIndexClusterStateUpdateRequest, ActionListener<ClusterStateUpdateResponse>);not found;;;;;;;;;;;;;;;;;;
elasticsearch;d896886973660785aac45275ddb110c1a6babc57;TransportUpdateAction; void org.elasticsearch.action.update.TransportUpdateAction.shardOperation(UpdateRequest, ActionListener<UpdateResponse>, int);not found;;;;;;;;;;;;;;;;;;
elasticsearch;d896886973660785aac45275ddb110c1a6babc57;TransportDeleteAction; WriteResult org.elasticsearch.action.delete.TransportDeleteAction.executeDeleteRequestOnPrimary(DeleteRequest, IndexShard);not found;;;;;;;;;;;;;;;;;;
elasticsearch;3764b3ff800c94293aba0bb0fa18c7df80a764f7;RestNodesAction; Table org.elasticsearch.rest.action.cat.RestNodesAction.getTableWithHeader(RestRequest);not found;;;;;;;;;;;;;;;;;;
elasticsearch;3764b3ff800c94293aba0bb0fa18c7df80a764f7;RestIndicesAction; Table org.elasticsearch.rest.action.cat.RestIndicesAction.getTableWithHeader(RestRequest);not found;;;;;;;;;;;;;;;;;;
elasticsearch;3764b3ff800c94293aba0bb0fa18c7df80a764f7;RestShardsAction; Table org.elasticsearch.rest.action.cat.RestShardsAction.getTableWithHeader(RestRequest);not found;;;;;;;;;;;;;;;;;;
elasticsearch;0404db65e3497452886173957729c8e82cfd4a03;ESSingleNodeTestCase; Node org.elasticsearch.test.ESSingleNodeTestCase.newNode();not found;;;;;;;;;;;;;;;;;;
elasticsearch;59cb67c7bd0ab6311115b20954e013412b676b29;NestedInnerQueryParseSupport; void org.elasticsearch.index.query.support.NestedInnerQueryParseSupport.setPathLevel();not found;;;;;;;;;;;;;;;;;;
elasticsearch;59cb67c7bd0ab6311115b20954e013412b676b29;MultiMatchQueryBuilder; void org.elasticsearch.index.query.MultiMatchQueryBuilder.doXContent(XContentBuilder, Params);not found;;;;;;;;;;;;;;;;;;
elasticsearch;f3d63095dbcc985e24162fbac4ee0d6914dc757d;SynonymsAnalysisTest; void org.elasticsearch.index.analysis.synonyms.SynonymsAnalysisTest.testSynonymsAnalysis();not found;;;;;;;;;;;;;;;;;;
elasticsearch;f3d63095dbcc985e24162fbac4ee0d6914dc757d;CommonGramsTokenFilterFactoryTests; void realistic.testCommonGramsAnalysis.source.org.elasticsearch.index.analysis.commongrams.CommonGramsTokenFilterFactoryTests.testQueryModeCommonGramsAnalysis();not found;;;;;;;;;;;;;;;;;;
elasticsearch;f3d63095dbcc985e24162fbac4ee0d6914dc757d;CommonGramsTokenFilterFactoryTests; void realistic.testCommonGramsAnalysis.source.org.elasticsearch.index.analysis.commongrams.CommonGramsTokenFilterFactoryTests.testCommonGramsAnalysis();not found;;;;;;;;;;;;;;;;;;
elasticsearch;f3d63095dbcc985e24162fbac4ee0d6914dc757d;KuromojiAnalysisTests; AnalysisService org.elasticsearch.index.analysis.KuromojiAnalysisTests.createAnalysisService();not found;;;;;;;;;;;;;;;;;;
elasticsearch;36884807b3cc9d660db4da062275c7fdbec8ba67;SimpleIndexQueryParserTests; void org.elasticsearch.index.query.SimpleIndexQueryParserTests.setup();not found;;;;;;;;;;;;;;;;;;
fitnesse;4d9ba9d221d879507440feb084fa7521b95111ec;SlimTableFactoryTest; void fitnesse.testsystems.slim.tables.SlimTableFactoryTest.setUp();not found;;;;;;;;;;;;;;;;;;
fitnesse;4d9ba9d221d879507440feb084fa7521b95111ec;SlimTableFactory; void fitnesse.testsystems.slim.tables.SlimTableFactory.SlimTableFactory();not found;;;;;;;;;;;;;;;;;;
cloud-slang;20bac30d9bd76569aa6a4fa1e8261c1a9b5e6f76;SlangImpl; Set io.cloudslang.lang.api.SlangImpl.getAllEventTypes();not found;;;;;;;;;;;;;;;;;;
spring-boot;958a0a45f164601d01cb706c19f22ed3e25eff56;MongoProperties;Builder org.springframework.boot.autoconfigure.MongoProperties.builder(MongoClientOptions);not found;;;;;;;;;;;;;;;;;;
spring-boot;af20dc6cc45c032573413c401f9f73aa75371744;ExplodedArchiveTests; void org.springframework.boot.loader.archive.ExplodedArchiveTests.getUrl();not found;;;;;;;;;;;;;;;;;;
spring-boot;af20dc6cc45c032573413c401f9f73aa75371744;ExplodedArchive; URL org.springframework.boot.loader.archive.ExplodedArchive.getUrl();not found;;;;;;;;;;;;;;;;;;
spring-boot;ea8107b6a53fa60b5f23b33e1b6d2e88bb60133c;UndertowEmbeddedServletContainerFactory; DeploymentManager org.springframework.boot.context.embedded.undertow.UndertowEmbeddedServletContainerFactory.createDeploymentManager(ServletContextInitializer);not found;;;;;;;;;;;;;;;;;;
spring-boot;3444ebbc05b99a164474c14d6a6784f749514428;SpringBootServletInitializer; WebApplicationContext org.springframework.boot.context.SpringBootServletInitializer.createRootApplicationContext(ServletContext);not found;;;;;;;;;;;;;;;;;;
spring-boot;074771ec125dd407af0282b92960e9e9e3377e84;SpringBootServletInitializer; WebApplicationContext org.springframework.boot.context.SpringBootServletInitializer.createRootApplicationContext(ServletContext);not found;;;;;;;;;;;;;;;;;;
spring-boot;fdd3f12ee0f92ac18844c08bf71df39feebb6673;AutoConfigurationReportLoggingInitializer; void org.springframework.boot.autoconfigure.AutoConfigurationReportLoggingInitializer.logAutoConfigurationReport(boolean);not found;;;;;;;;;;;;;;;;;;
spring-boot;2d4e68a9777601bfb8309c94d8b74bc21be80ad1;TomcatEmbeddedServletContainerFactory; void src.main.java.org.springframework.boot.context.embedded.TomcatEmbeddedServletContainerFactory.customizeConnector(Connector);not found;;;;;;;;;;;;;;;;;;
quickml;bae968d9a85c0501ba8842a6f88e7fc2c6b78693;OutOfTimeCrossValidatorRunner; PredictiveModelBuilder quickdt.experiments.OutOfTimeCrossValidatorRunner.getRandomForestBuilder(int, int);not found;;;;;;;;;;;;;;;;;;
